project_id,project_title,project_description,data_type,data_quality,scientific_name,taxonomic_rank,ncbi_tax_id,disease_name,mesh_id,phenotype_a,phenotype_a_mesh_id,phenotype_b,phenotype_b_mesh_id,negative_enriched_in,positive_enriched_in,method,effect_type,lda_score,association_url,source_database
PRJNA682378,GMrepo curated Health vs. Irritable Bowel Syndrome,Curated project-level marker taxa from GMrepo,16S,curated,Bacteroides,genus,816,Irritable Bowel Syndrome,D043183,Health,D006262,Irritable Bowel Syndrome,D043183,Health,Irritable Bowel Syndrome,LEfSe,LDA,-4.66166326153861,https://gmrepo.humangut.info/data/project/PRJNA682378/D006262/D043183,GMrepo
PRJEB37924,GMrepo curated Health vs. Irritable Bowel Syndrome,Curated project-level marker taxa from GMrepo,mNGS,curated,Ruminococcus,genus,1263,Irritable Bowel Syndrome,D043183,Health,D006262,Irritable Bowel Syndrome,D043183,Health,Irritable Bowel Syndrome,LEfSe,LDA,-4.3074866712335,https://gmrepo.humangut.info/data/project/PRJEB37924/D006262/D043183,GMrepo
PRJEB37924,GMrepo curated Health vs. Irritable Bowel Syndrome,Curated project-level marker taxa from GMrepo,mNGS,curated,Segatella,genus,2974251,Irritable Bowel Syndrome,D043183,Health,D006262,Irritable Bowel Syndrome,D043183,Health,Irritable Bowel Syndrome,LEfSe,LDA,-4.29812518870401,https://gmrepo.humangut.info/data/project/PRJEB37924/D006262/D043183,GMrepo
PRJNA637763,GMrepo curated Health vs. Irritable Bowel Syndrome,Curated project-level marker taxa from GMrepo,16S,curated,Ruminococcus,genus,1263,Irritable Bowel Syndrome,D043183,Health,D006262,Irritable Bowel Syndrome,D043183,Health,Irritable Bowel Syndrome,LEfSe,LDA,-4.17295737779042,https://gmrepo.humangut.info/data/project/PRJNA637763/D006262/D043183,GMrepo
PRJEB37924,GMrepo curated Health vs. Irritable Bowel Syndrome,Curated project-level marker taxa from GMrepo,mNGS,curated,Coprococcus eutactus,species,33043,Irritable Bowel Syndrome,D043183,Health,D006262,Irritable Bowel Syndrome,D043183,Health,Irritable Bowel Syndrome,LEfSe,LDA,-4.16956897674993,https://gmrepo.humangut.info/data/project/PRJEB37924/D006262/D043183,GMrepo
PRJEB37924,GMrepo curated Health vs. Irritable Bowel Syndrome,Curated project-level marker taxa from GMrepo,mNGS,curated,Segatella copri,species,165179,Irritable Bowel Syndrome,D043183,Health,D006262,Irritable Bowel Syndrome,D043183,Health,Irritable Bowel Syndrome,LEfSe,LDA,-4.16402518753682,https://gmrepo.humangut.info/data/project/PRJEB37924/D006262/D043183,GMrepo
PRJEB37924,GMrepo curated Health vs. Irritable Bowel Syndrome,Curated project-level marker taxa from GMrepo,mNGS,curated,Akkermansia,genus,239934,Irritable Bowel Syndrome,D043183,Health,D006262,Irritable Bowel Syndrome,D043183,Health,Irritable Bowel Syndrome,LEfSe,LDA,-4.14987028772653,https://gmrepo.humangut.info/data/project/PRJEB37924/D006262/D043183,GMrepo
PRJEB37924,GMrepo curated Health vs. Irritable Bowel Syndrome,Curated project-level marker taxa from GMrepo,mNGS,curated,Coprococcus,genus,33042,Irritable Bowel Syndrome,D043183,Health,D006262,Irritable Bowel Syndrome,D043183,Health,Irritable Bowel Syndrome,LEfSe,LDA,-4.14666507390989,https://gmrepo.humangut.info/data/project/PRJEB37924/D006262/D043183,GMrepo
PRJNA637763,GMrepo curated Health vs. Irritable Bowel Syndrome,Curated project-level marker taxa from GMrepo,16S,curated,Fusicatenibacter,genus,1407607,Irritable Bowel Syndrome,D043183,Health,D006262,Irritable Bowel Syndrome,D043183,Health,Irritable Bowel Syndrome,LEfSe,LDA,-4.10332162030666,https://gmrepo.humangut.info/data/project/PRJNA637763/D006262/D043183,GMrepo
PRJEB37924,GMrepo curated Health vs. Irritable Bowel Syndrome,Curated project-level marker taxa from GMrepo,mNGS,curated,Faecalibacterium,genus,216851,Irritable Bowel Syndrome,D043183,Health,D006262,Irritable Bowel Syndrome,D043183,Health,Irritable Bowel Syndrome,LEfSe,LDA,-4.09395994248136,https://gmrepo.humangut.info/data/project/PRJEB37924/D006262/D043183,GMrepo
PRJNA682378,GMrepo curated Health vs. Irritable Bowel Syndrome,Curated project-level marker taxa from GMrepo,16S,curated,Alistipes,genus,239759,Irritable Bowel Syndrome,D043183,Health,D006262,Irritable Bowel Syndrome,D043183,Health,Irritable Bowel Syndrome,LEfSe,LDA,-4.02340041879354,https://gmrepo.humangut.info/data/project/PRJNA682378/D006262/D043183,GMrepo
PRJEB37924,GMrepo curated Health vs. Irritable Bowel Syndrome,Curated project-level marker taxa from GMrepo,mNGS,curated,Ruminococcus bromii,species,40518,Irritable Bowel Syndrome,D043183,Health,D006262,Irritable Bowel Syndrome,D043183,Health,Irritable Bowel Syndrome,LEfSe,LDA,-4.00034142277059,https://gmrepo.humangut.info/data/project/PRJEB37924/D006262/D043183,GMrepo
PRJNA637763,GMrepo curated Health vs. Irritable Bowel Syndrome,Curated project-level marker taxa from GMrepo,16S,curated,Eubacterium,genus,1730,Irritable Bowel Syndrome,D043183,Health,D006262,Irritable Bowel Syndrome,D043183,Health,Irritable Bowel Syndrome,LEfSe,LDA,-3.98479401645717,https://gmrepo.humangut.info/data/project/PRJNA637763/D006262/D043183,GMrepo
PRJEB37924,GMrepo curated Health vs. Irritable Bowel Syndrome,Curated project-level marker taxa from GMrepo,mNGS,curated,Faecalibacterium prausnitzii,species,853,Irritable Bowel Syndrome,D043183,Health,D006262,Irritable Bowel Syndrome,D043183,Health,Irritable Bowel Syndrome,LEfSe,LDA,-3.95436705304651,https://gmrepo.humangut.info/data/project/PRJEB37924/D006262/D043183,GMrepo
PRJEB37924,GMrepo curated Health vs. Irritable Bowel Syndrome,Curated project-level marker taxa from GMrepo,mNGS,curated,Lachnospira,genus,28050,Irritable Bowel Syndrome,D043183,Health,D006262,Irritable Bowel Syndrome,D043183,Health,Irritable Bowel Syndrome,LEfSe,LDA,-3.92146214622744,https://gmrepo.humangut.info/data/project/PRJEB37924/D006262/D043183,GMrepo
PRJNA637763,GMrepo curated Health vs. Irritable Bowel Syndrome,Curated project-level marker taxa from GMrepo,16S,curated,Collinsella,genus,102106,Irritable Bowel Syndrome,D043183,Health,D006262,Irritable Bowel Syndrome,D043183,Health,Irritable Bowel Syndrome,LEfSe,LDA,-3.91492832274683,https://gmrepo.humangut.info/data/project/PRJNA637763/D006262/D043183,GMrepo
PRJEB37924,GMrepo curated Health vs. Irritable Bowel Syndrome,Curated project-level marker taxa from GMrepo,mNGS,curated,Prevotella,genus,838,Irritable Bowel Syndrome,D043183,Health,D006262,Irritable Bowel Syndrome,D043183,Health,Irritable Bowel Syndrome,LEfSe,LDA,-3.80346051813368,https://gmrepo.humangut.info/data/project/PRJEB37924/D006262/D043183,GMrepo
PRJEB37924,GMrepo curated Health vs. Irritable Bowel Syndrome,Curated project-level marker taxa from GMrepo,mNGS,curated,Lachnospira pectinoschiza,species,28052,Irritable Bowel Syndrome,D043183,Health,D006262,Irritable Bowel Syndrome,D043183,Health,Irritable Bowel Syndrome,LEfSe,LDA,-3.79430208063855,https://gmrepo.humangut.info/data/project/PRJEB37924/D006262/D043183,GMrepo
PRJEB37924,GMrepo curated Health vs. Irritable Bowel Syndrome,Curated project-level marker taxa from GMrepo,mNGS,curated,Bifidobacterium adolescentis,species,1680,Irritable Bowel Syndrome,D043183,Health,D006262,Irritable Bowel Syndrome,D043183,Health,Irritable Bowel Syndrome,LEfSe,LDA,-3.75151825938142,https://gmrepo.humangut.info/data/project/PRJEB37924/D006262/D043183,GMrepo
PRJEB37924,GMrepo curated Health vs. Irritable Bowel Syndrome,Curated project-level marker taxa from GMrepo,mNGS,curated,Oliverpabstia,genus,2815777,Irritable Bowel Syndrome,D043183,Health,D006262,Irritable Bowel Syndrome,D043183,Health,Irritable Bowel Syndrome,LEfSe,LDA,-3.7174215144826,https://gmrepo.humangut.info/data/project/PRJEB37924/D006262/D043183,GMrepo
PRJEB37924,GMrepo curated Health vs. Irritable Bowel Syndrome,Curated project-level marker taxa from GMrepo,mNGS,curated,Oscillibacter,genus,459786,Irritable Bowel Syndrome,D043183,Health,D006262,Irritable Bowel Syndrome,D043183,Health,Irritable Bowel Syndrome,LEfSe,LDA,-3.62594593431266,https://gmrepo.humangut.info/data/project/PRJEB37924/D006262/D043183,GMrepo
PRJNA637763,GMrepo curated Health vs. Irritable Bowel Syndrome,Curated project-level marker taxa from GMrepo,16S,curated,Dialister,genus,39948,Irritable Bowel Syndrome,D043183,Health,D006262,Irritable Bowel Syndrome,D043183,Health,Irritable Bowel Syndrome,LEfSe,LDA,-3.60981470048244,https://gmrepo.humangut.info/data/project/PRJNA637763/D006262/D043183,GMrepo
PRJEB37924,GMrepo curated Health vs. Irritable Bowel Syndrome,Curated project-level marker taxa from GMrepo,mNGS,curated,Lachnospira eligens,species,39485,Irritable Bowel Syndrome,D043183,Health,D006262,Irritable Bowel Syndrome,D043183,Health,Irritable Bowel Syndrome,LEfSe,LDA,-3.60082604841315,https://gmrepo.humangut.info/data/project/PRJEB37924/D006262/D043183,GMrepo
PRJEB37924,GMrepo curated Health vs. Irritable Bowel Syndrome,Curated project-level marker taxa from GMrepo,mNGS,curated,Oliverpabstia intestinalis,species,2606633,Irritable Bowel Syndrome,D043183,Health,D006262,Irritable Bowel Syndrome,D043183,Health,Irritable Bowel Syndrome,LEfSe,LDA,-3.55323133045231,https://gmrepo.humangut.info/data/project/PRJEB37924/D006262/D043183,GMrepo
PRJEB37924,GMrepo curated Health vs. Irritable Bowel Syndrome,Curated project-level marker taxa from GMrepo,mNGS,curated,Phocaeicola massiliensis,species,204516,Irritable Bowel Syndrome,D043183,Health,D006262,Irritable Bowel Syndrome,D043183,Health,Irritable Bowel Syndrome,LEfSe,LDA,-3.54373421304154,https://gmrepo.humangut.info/data/project/PRJEB37924/D006262/D043183,GMrepo
PRJEB37924,GMrepo curated Health vs. Irritable Bowel Syndrome,Curated project-level marker taxa from GMrepo,mNGS,curated,Wujia,genus,2944152,Irritable Bowel Syndrome,D043183,Health,D006262,Irritable Bowel Syndrome,D043183,Health,Irritable Bowel Syndrome,LEfSe,LDA,-3.53994772448573,https://gmrepo.humangut.info/data/project/PRJEB37924/D006262/D043183,GMrepo
PRJEB37924,GMrepo curated Health vs. Irritable Bowel Syndrome,Curated project-level marker taxa from GMrepo,mNGS,curated,Wujia chipingensis,species,2763670,Irritable Bowel Syndrome,D043183,Health,D006262,Irritable Bowel Syndrome,D043183,Health,Irritable Bowel Syndrome,LEfSe,LDA,-3.51351570697809,https://gmrepo.humangut.info/data/project/PRJEB37924/D006262/D043183,GMrepo
PRJEB37924,GMrepo curated Health vs. Irritable Bowel Syndrome,Curated project-level marker taxa from GMrepo,mNGS,curated,[Eubacterium] siraeum,species,39492,Irritable Bowel Syndrome,D043183,Health,D006262,Irritable Bowel Syndrome,D043183,Health,Irritable Bowel Syndrome,LEfSe,LDA,-3.5090040753313,https://gmrepo.humangut.info/data/project/PRJEB37924/D006262/D043183,GMrepo
PRJEB37924,GMrepo curated Health vs. Irritable Bowel Syndrome,Curated project-level marker taxa from GMrepo,mNGS,curated,Waltera,genus,2981631,Irritable Bowel Syndrome,D043183,Health,D006262,Irritable Bowel Syndrome,D043183,Health,Irritable Bowel Syndrome,LEfSe,LDA,-3.50139981462274,https://gmrepo.humangut.info/data/project/PRJEB37924/D006262/D043183,GMrepo
PRJEB37924,GMrepo curated Health vs. Irritable Bowel Syndrome,Curated project-level marker taxa from GMrepo,mNGS,curated,Roseburia,genus,841,Irritable Bowel Syndrome,D043183,Health,D006262,Irritable Bowel Syndrome,D043183,Health,Irritable Bowel Syndrome,LEfSe,LDA,-3.50112549245753,https://gmrepo.humangut.info/data/project/PRJEB37924/D006262/D043183,GMrepo
PRJEB37924,GMrepo curated Health vs. Irritable Bowel Syndrome,Curated project-level marker taxa from GMrepo,mNGS,curated,Phocaeicola coprocola,species,310298,Irritable Bowel Syndrome,D043183,Health,D006262,Irritable Bowel Syndrome,D043183,Health,Irritable Bowel Syndrome,LEfSe,LDA,-3.47965326843314,https://gmrepo.humangut.info/data/project/PRJEB37924/D006262/D043183,GMrepo
PRJEB37924,GMrepo curated Health vs. Irritable Bowel Syndrome,Curated project-level marker taxa from GMrepo,mNGS,curated,Gemmiger formicilis,species,745368,Irritable Bowel Syndrome,D043183,Health,D006262,Irritable Bowel Syndrome,D043183,Health,Irritable Bowel Syndrome,LEfSe,LDA,-3.46391559057688,https://gmrepo.humangut.info/data/project/PRJEB37924/D006262/D043183,GMrepo
PRJEB37924,GMrepo curated Health vs. Irritable Bowel Syndrome,Curated project-level marker taxa from GMrepo,mNGS,curated,Holdemanella,genus,1573535,Irritable Bowel Syndrome,D043183,Health,D006262,Irritable Bowel Syndrome,D043183,Health,Irritable Bowel Syndrome,LEfSe,LDA,-3.45672896057764,https://gmrepo.humangut.info/data/project/PRJEB37924/D006262/D043183,GMrepo
PRJEB37924,GMrepo curated Health vs. Irritable Bowel Syndrome,Curated project-level marker taxa from GMrepo,mNGS,curated,Waltera acetigignens,species,2981769,Irritable Bowel Syndrome,D043183,Health,D006262,Irritable Bowel Syndrome,D043183,Health,Irritable Bowel Syndrome,LEfSe,LDA,-3.4495563264403,https://gmrepo.humangut.info/data/project/PRJEB37924/D006262/D043183,GMrepo
PRJNA682378,GMrepo curated Health vs. Irritable Bowel Syndrome,Curated project-level marker taxa from GMrepo,16S,curated,Parasutterella,genus,577310,Irritable Bowel Syndrome,D043183,Health,D006262,Irritable Bowel Syndrome,D043183,Health,Irritable Bowel Syndrome,LEfSe,LDA,-3.44154950699491,https://gmrepo.humangut.info/data/project/PRJNA682378/D006262/D043183,GMrepo
PRJEB37924,GMrepo curated Health vs. Irritable Bowel Syndrome,Curated project-level marker taxa from GMrepo,mNGS,curated,Holdemanella porci,species,2652276,Irritable Bowel Syndrome,D043183,Health,D006262,Irritable Bowel Syndrome,D043183,Health,Irritable Bowel Syndrome,LEfSe,LDA,-3.43707101009312,https://gmrepo.humangut.info/data/project/PRJEB37924/D006262/D043183,GMrepo
PRJNA682378,GMrepo curated Health vs. Irritable Bowel Syndrome,Curated project-level marker taxa from GMrepo,16S,curated,Mediterraneibacter,genus,2316020,Irritable Bowel Syndrome,D043183,Health,D006262,Irritable Bowel Syndrome,D043183,Health,Irritable Bowel Syndrome,LEfSe,LDA,-3.43317049010329,https://gmrepo.humangut.info/data/project/PRJNA682378/D006262/D043183,GMrepo
PRJNA637763,GMrepo curated Health vs. Irritable Bowel Syndrome,Curated project-level marker taxa from GMrepo,16S,curated,Monoglobus,genus,2039302,Irritable Bowel Syndrome,D043183,Health,D006262,Irritable Bowel Syndrome,D043183,Health,Irritable Bowel Syndrome,LEfSe,LDA,-3.39760584659324,https://gmrepo.humangut.info/data/project/PRJNA637763/D006262/D043183,GMrepo
PRJEB37924,GMrepo curated Health vs. Irritable Bowel Syndrome,Curated project-level marker taxa from GMrepo,mNGS,curated,Alistipes putredinis,species,28117,Irritable Bowel Syndrome,D043183,Health,D006262,Irritable Bowel Syndrome,D043183,Health,Irritable Bowel Syndrome,LEfSe,LDA,-3.38985894420127,https://gmrepo.humangut.info/data/project/PRJEB37924/D006262/D043183,GMrepo
PRJEB37924,GMrepo curated Health vs. Irritable Bowel Syndrome,Curated project-level marker taxa from GMrepo,mNGS,curated,Oscillibacter sp. ER4,species,1519439,Irritable Bowel Syndrome,D043183,Health,D006262,Irritable Bowel Syndrome,D043183,Health,Irritable Bowel Syndrome,LEfSe,LDA,-3.38972585988609,https://gmrepo.humangut.info/data/project/PRJEB37924/D006262/D043183,GMrepo
PRJEB37924,GMrepo curated Health vs. Irritable Bowel Syndrome,Curated project-level marker taxa from GMrepo,mNGS,curated,Roseburia faecis,species,301302,Irritable Bowel Syndrome,D043183,Health,D006262,Irritable Bowel Syndrome,D043183,Health,Irritable Bowel Syndrome,LEfSe,LDA,-3.38255933838139,https://gmrepo.humangut.info/data/project/PRJEB37924/D006262/D043183,GMrepo
PRJEB37924,GMrepo curated Health vs. Irritable Bowel Syndrome,Curated project-level marker taxa from GMrepo,mNGS,curated,Phascolarctobacterium succinatutens,species,626940,Irritable Bowel Syndrome,D043183,Health,D006262,Irritable Bowel Syndrome,D043183,Health,Irritable Bowel Syndrome,LEfSe,LDA,-3.34045990192002,https://gmrepo.humangut.info/data/project/PRJEB37924/D006262/D043183,GMrepo
PRJEB37924,GMrepo curated Health vs. Irritable Bowel Syndrome,Curated project-level marker taxa from GMrepo,mNGS,curated,Roseburia sp. AF02-12,species,2293126,Irritable Bowel Syndrome,D043183,Health,D006262,Irritable Bowel Syndrome,D043183,Health,Irritable Bowel Syndrome,LEfSe,LDA,-3.31168973548453,https://gmrepo.humangut.info/data/project/PRJEB37924/D006262/D043183,GMrepo
PRJEB37924,GMrepo curated Health vs. Irritable Bowel Syndrome,Curated project-level marker taxa from GMrepo,mNGS,curated,Faecalicatena,genus,2005359,Irritable Bowel Syndrome,D043183,Health,D006262,Irritable Bowel Syndrome,D043183,Health,Irritable Bowel Syndrome,LEfSe,LDA,-3.29865814665298,https://gmrepo.humangut.info/data/project/PRJEB37924/D006262/D043183,GMrepo
PRJEB37924,GMrepo curated Health vs. Irritable Bowel Syndrome,Curated project-level marker taxa from GMrepo,mNGS,curated,Faecalibacterium butyricigenerans,species,2881266,Irritable Bowel Syndrome,D043183,Health,D006262,Irritable Bowel Syndrome,D043183,Health,Irritable Bowel Syndrome,LEfSe,LDA,-3.29538399864441,https://gmrepo.humangut.info/data/project/PRJEB37924/D006262/D043183,GMrepo
PRJNA682378,GMrepo curated Health vs. Irritable Bowel Syndrome,Curated project-level marker taxa from GMrepo,16S,curated,Anaerostipes,genus,207244,Irritable Bowel Syndrome,D043183,Health,D006262,Irritable Bowel Syndrome,D043183,Health,Irritable Bowel Syndrome,LEfSe,LDA,-3.27309297593638,https://gmrepo.humangut.info/data/project/PRJNA682378/D006262/D043183,GMrepo
PRJEB37924,GMrepo curated Health vs. Irritable Bowel Syndrome,Curated project-level marker taxa from GMrepo,mNGS,curated,Xylanibacter brevis,species,83231,Irritable Bowel Syndrome,D043183,Health,D006262,Irritable Bowel Syndrome,D043183,Health,Irritable Bowel Syndrome,LEfSe,LDA,-3.26256350322262,https://gmrepo.humangut.info/data/project/PRJEB37924/D006262/D043183,GMrepo
PRJEB37924,GMrepo curated Health vs. Irritable Bowel Syndrome,Curated project-level marker taxa from GMrepo,mNGS,curated,Faecalicatena fissicatena,species,290055,Irritable Bowel Syndrome,D043183,Health,D006262,Irritable Bowel Syndrome,D043183,Health,Irritable Bowel Syndrome,LEfSe,LDA,-3.25309989364218,https://gmrepo.humangut.info/data/project/PRJEB37924/D006262/D043183,GMrepo
PRJEB37924,GMrepo curated Health vs. Irritable Bowel Syndrome,Curated project-level marker taxa from GMrepo,mNGS,curated,Phascolarctobacterium,genus,33024,Irritable Bowel Syndrome,D043183,Health,D006262,Irritable Bowel Syndrome,D043183,Health,Irritable Bowel Syndrome,LEfSe,LDA,-3.23185392406529,https://gmrepo.humangut.info/data/project/PRJEB37924/D006262/D043183,GMrepo
PRJEB37924,GMrepo curated Health vs. Irritable Bowel Syndrome,Curated project-level marker taxa from GMrepo,mNGS,curated,Dorea longicatena,species,88431,Irritable Bowel Syndrome,D043183,Health,D006262,Irritable Bowel Syndrome,D043183,Health,Irritable Bowel Syndrome,LEfSe,LDA,-3.21987277015662,https://gmrepo.humangut.info/data/project/PRJEB37924/D006262/D043183,GMrepo
PRJNA637763,GMrepo curated Health vs. Irritable Bowel Syndrome,Curated project-level marker taxa from GMrepo,16S,curated,Acidaminococcus,genus,904,Irritable Bowel Syndrome,D043183,Health,D006262,Irritable Bowel Syndrome,D043183,Health,Irritable Bowel Syndrome,LEfSe,LDA,-3.20909278520227,https://gmrepo.humangut.info/data/project/PRJNA637763/D006262/D043183,GMrepo
PRJEB37924,GMrepo curated Health vs. Irritable Bowel Syndrome,Curated project-level marker taxa from GMrepo,mNGS,curated,Eubacterium ramulus,species,39490,Irritable Bowel Syndrome,D043183,Health,D006262,Irritable Bowel Syndrome,D043183,Health,Irritable Bowel Syndrome,LEfSe,LDA,-3.2047797041624,https://gmrepo.humangut.info/data/project/PRJEB37924/D006262/D043183,GMrepo
PRJEB37924,GMrepo curated Health vs. Irritable Bowel Syndrome,Curated project-level marker taxa from GMrepo,mNGS,curated,Sutterella,genus,40544,Irritable Bowel Syndrome,D043183,Health,D006262,Irritable Bowel Syndrome,D043183,Health,Irritable Bowel Syndrome,LEfSe,LDA,-3.14149630738219,https://gmrepo.humangut.info/data/project/PRJEB37924/D006262/D043183,GMrepo
PRJEB37924,GMrepo curated Health vs. Irritable Bowel Syndrome,Curated project-level marker taxa from GMrepo,mNGS,curated,Sutterella wadsworthensis,species,40545,Irritable Bowel Syndrome,D043183,Health,D006262,Irritable Bowel Syndrome,D043183,Health,Irritable Bowel Syndrome,LEfSe,LDA,-3.12339137667932,https://gmrepo.humangut.info/data/project/PRJEB37924/D006262/D043183,GMrepo
PRJNA682378,GMrepo curated Health vs. Irritable Bowel Syndrome,Curated project-level marker taxa from GMrepo,16S,curated,Intestinibacter,genus,1505657,Irritable Bowel Syndrome,D043183,Health,D006262,Irritable Bowel Syndrome,D043183,Health,Irritable Bowel Syndrome,LEfSe,LDA,-3.0392361046231,https://gmrepo.humangut.info/data/project/PRJNA682378/D006262/D043183,GMrepo
PRJEB37924,GMrepo curated Health vs. Irritable Bowel Syndrome,Curated project-level marker taxa from GMrepo,mNGS,curated,Gallintestinimicrobium propionicum,species,2885350,Irritable Bowel Syndrome,D043183,Health,D006262,Irritable Bowel Syndrome,D043183,Health,Irritable Bowel Syndrome,LEfSe,LDA,-3.03834758381185,https://gmrepo.humangut.info/data/project/PRJEB37924/D006262/D043183,GMrepo
PRJEB37924,GMrepo curated Health vs. Irritable Bowel Syndrome,Curated project-level marker taxa from GMrepo,mNGS,curated,Agathobaculum,genus,2048137,Irritable Bowel Syndrome,D043183,Health,D006262,Irritable Bowel Syndrome,D043183,Health,Irritable Bowel Syndrome,LEfSe,LDA,-3.03738832062202,https://gmrepo.humangut.info/data/project/PRJEB37924/D006262/D043183,GMrepo
PRJEB37924,GMrepo curated Health vs. Irritable Bowel Syndrome,Curated project-level marker taxa from GMrepo,mNGS,curated,Mediterraneibacter gnavus,species,33038,Irritable Bowel Syndrome,D043183,Health,D006262,Irritable Bowel Syndrome,D043183,Health,Irritable Bowel Syndrome,LEfSe,LDA,-3.03638630302621,https://gmrepo.humangut.info/data/project/PRJEB37924/D006262/D043183,GMrepo
PRJEB37924,GMrepo curated Health vs. Irritable Bowel Syndrome,Curated project-level marker taxa from GMrepo,mNGS,curated,Agathobaculum butyriciproducens,species,1628085,Irritable Bowel Syndrome,D043183,Health,D006262,Irritable Bowel Syndrome,D043183,Health,Irritable Bowel Syndrome,LEfSe,LDA,-3.02715481623052,https://gmrepo.humangut.info/data/project/PRJEB37924/D006262/D043183,GMrepo
PRJEB37924,GMrepo curated Health vs. Irritable Bowel Syndrome,Curated project-level marker taxa from GMrepo,mNGS,curated,Barnesiella intestinihominis,species,487174,Irritable Bowel Syndrome,D043183,Health,D006262,Irritable Bowel Syndrome,D043183,Health,Irritable Bowel Syndrome,LEfSe,LDA,-3.02201306135602,https://gmrepo.humangut.info/data/project/PRJEB37924/D006262/D043183,GMrepo
PRJEB37924,GMrepo curated Health vs. Irritable Bowel Syndrome,Curated project-level marker taxa from GMrepo,mNGS,curated,Clostridiales bacterium KLE1615,species,1715004,Irritable Bowel Syndrome,D043183,Health,D006262,Irritable Bowel Syndrome,D043183,Health,Irritable Bowel Syndrome,LEfSe,LDA,-3.01557705534753,https://gmrepo.humangut.info/data/project/PRJEB37924/D006262/D043183,GMrepo
PRJEB37924,GMrepo curated Health vs. Irritable Bowel Syndrome,Curated project-level marker taxa from GMrepo,mNGS,curated,Oscillibacter sp. MSJ-31,species,2841526,Irritable Bowel Syndrome,D043183,Health,D006262,Irritable Bowel Syndrome,D043183,Health,Irritable Bowel Syndrome,LEfSe,LDA,-3.01286334164159,https://gmrepo.humangut.info/data/project/PRJEB37924/D006262/D043183,GMrepo
PRJEB37924,GMrepo curated Health vs. Irritable Bowel Syndrome,Curated project-level marker taxa from GMrepo,mNGS,curated,Bacillota bacterium,species,1879010,Irritable Bowel Syndrome,D043183,Health,D006262,Irritable Bowel Syndrome,D043183,Health,Irritable Bowel Syndrome,LEfSe,LDA,-3.00727278576242,https://gmrepo.humangut.info/data/project/PRJEB37924/D006262/D043183,GMrepo
PRJNA682378,GMrepo curated Health vs. Irritable Bowel Syndrome,Curated project-level marker taxa from GMrepo,16S,curated,Thomasclavelia,genus,3025755,Irritable Bowel Syndrome,D043183,Health,D006262,Irritable Bowel Syndrome,D043183,Health,Irritable Bowel Syndrome,LEfSe,LDA,-2.99615016337719,https://gmrepo.humangut.info/data/project/PRJNA682378/D006262/D043183,GMrepo
PRJEB37924,GMrepo curated Health vs. Irritable Bowel Syndrome,Curated project-level marker taxa from GMrepo,mNGS,curated,Barnesiella,genus,397864,Irritable Bowel Syndrome,D043183,Health,D006262,Irritable Bowel Syndrome,D043183,Health,Irritable Bowel Syndrome,LEfSe,LDA,-2.98605113981003,https://gmrepo.humangut.info/data/project/PRJEB37924/D006262/D043183,GMrepo
PRJEB37924,GMrepo curated Health vs. Irritable Bowel Syndrome,Curated project-level marker taxa from GMrepo,mNGS,curated,Prevotella marseillensis,species,2479840,Irritable Bowel Syndrome,D043183,Health,D006262,Irritable Bowel Syndrome,D043183,Health,Irritable Bowel Syndrome,LEfSe,LDA,-2.98289574806643,https://gmrepo.humangut.info/data/project/PRJEB37924/D006262/D043183,GMrepo
PRJEB37924,GMrepo curated Health vs. Irritable Bowel Syndrome,Curated project-level marker taxa from GMrepo,mNGS,curated,Prevotella dentalis,species,52227,Irritable Bowel Syndrome,D043183,Health,D006262,Irritable Bowel Syndrome,D043183,Health,Irritable Bowel Syndrome,LEfSe,LDA,-2.98069475433716,https://gmrepo.humangut.info/data/project/PRJEB37924/D006262/D043183,GMrepo
PRJEB37924,GMrepo curated Health vs. Irritable Bowel Syndrome,Curated project-level marker taxa from GMrepo,mNGS,curated,Faecalibacterium wellingii,species,2929491,Irritable Bowel Syndrome,D043183,Health,D006262,Irritable Bowel Syndrome,D043183,Health,Irritable Bowel Syndrome,LEfSe,LDA,-2.98043158706034,https://gmrepo.humangut.info/data/project/PRJEB37924/D006262/D043183,GMrepo
PRJNA637763,GMrepo curated Health vs. Irritable Bowel Syndrome,Curated project-level marker taxa from GMrepo,16S,curated,Coprobacter,genus,1348911,Irritable Bowel Syndrome,D043183,Health,D006262,Irritable Bowel Syndrome,D043183,Health,Irritable Bowel Syndrome,LEfSe,LDA,-2.9772358430014,https://gmrepo.humangut.info/data/project/PRJNA637763/D006262/D043183,GMrepo
PRJEB37924,GMrepo curated Health vs. Irritable Bowel Syndrome,Curated project-level marker taxa from GMrepo,mNGS,curated,Oscillibacter valericigenes,species,351091,Irritable Bowel Syndrome,D043183,Health,D006262,Irritable Bowel Syndrome,D043183,Health,Irritable Bowel Syndrome,LEfSe,LDA,-2.97243505832969,https://gmrepo.humangut.info/data/project/PRJEB37924/D006262/D043183,GMrepo
PRJEB37924,GMrepo curated Health vs. Irritable Bowel Syndrome,Curated project-level marker taxa from GMrepo,mNGS,curated,Eubacterium,genus,1730,Irritable Bowel Syndrome,D043183,Health,D006262,Irritable Bowel Syndrome,D043183,Health,Irritable Bowel Syndrome,LEfSe,LDA,-2.90673934887683,https://gmrepo.humangut.info/data/project/PRJEB37924/D006262/D043183,GMrepo
PRJEB37924,GMrepo curated Health vs. Irritable Bowel Syndrome,Curated project-level marker taxa from GMrepo,mNGS,curated,Phocaeicola coprophilus,species,387090,Irritable Bowel Syndrome,D043183,Health,D006262,Irritable Bowel Syndrome,D043183,Health,Irritable Bowel Syndrome,LEfSe,LDA,-2.89921777276569,https://gmrepo.humangut.info/data/project/PRJEB37924/D006262/D043183,GMrepo
PRJEB37924,GMrepo curated Health vs. Irritable Bowel Syndrome,Curated project-level marker taxa from GMrepo,mNGS,curated,Leyella stercorea,species,363265,Irritable Bowel Syndrome,D043183,Health,D006262,Irritable Bowel Syndrome,D043183,Health,Irritable Bowel Syndrome,LEfSe,LDA,-2.86482974787169,https://gmrepo.humangut.info/data/project/PRJEB37924/D006262/D043183,GMrepo
PRJEB37924,GMrepo curated Health vs. Irritable Bowel Syndrome,Curated project-level marker taxa from GMrepo,mNGS,curated,Ruminococcus sp. AF41-9,species,2292069,Irritable Bowel Syndrome,D043183,Health,D006262,Irritable Bowel Syndrome,D043183,Health,Irritable Bowel Syndrome,LEfSe,LDA,-2.81090044439706,https://gmrepo.humangut.info/data/project/PRJEB37924/D006262/D043183,GMrepo
PRJNA637763,GMrepo curated Health vs. Irritable Bowel Syndrome,Curated project-level marker taxa from GMrepo,16S,curated,Roseburia,genus,841,Irritable Bowel Syndrome,D043183,Health,D006262,Irritable Bowel Syndrome,D043183,Health,Irritable Bowel Syndrome,LEfSe,LDA,-2.78246519858777,https://gmrepo.humangut.info/data/project/PRJNA637763/D006262/D043183,GMrepo
PRJEB37924,GMrepo curated Health vs. Irritable Bowel Syndrome,Curated project-level marker taxa from GMrepo,mNGS,curated,Prevotella pectinovora,species,1602169,Irritable Bowel Syndrome,D043183,Health,D006262,Irritable Bowel Syndrome,D043183,Health,Irritable Bowel Syndrome,LEfSe,LDA,-2.73465100367646,https://gmrepo.humangut.info/data/project/PRJEB37924/D006262/D043183,GMrepo
PRJNA682378,GMrepo curated Health vs. Irritable Bowel Syndrome,Curated project-level marker taxa from GMrepo,16S,curated,Anaeroplasma,genus,2086,Irritable Bowel Syndrome,D043183,Health,D006262,Irritable Bowel Syndrome,D043183,Health,Irritable Bowel Syndrome,LEfSe,LDA,-2.70785688737003,https://gmrepo.humangut.info/data/project/PRJNA682378/D006262/D043183,GMrepo
PRJNA682378,GMrepo curated Health vs. Irritable Bowel Syndrome,Curated project-level marker taxa from GMrepo,16S,curated,Allofournierella,genus,1940255,Irritable Bowel Syndrome,D043183,Health,D006262,Irritable Bowel Syndrome,D043183,Health,Irritable Bowel Syndrome,LEfSe,LDA,-2.67309393331491,https://gmrepo.humangut.info/data/project/PRJNA682378/D006262/D043183,GMrepo
PRJEB37924,GMrepo curated Health vs. Irritable Bowel Syndrome,Curated project-level marker taxa from GMrepo,mNGS,curated,Clostridium fessum,species,2126740,Irritable Bowel Syndrome,D043183,Health,D006262,Irritable Bowel Syndrome,D043183,Health,Irritable Bowel Syndrome,LEfSe,LDA,-2.66189483562046,https://gmrepo.humangut.info/data/project/PRJEB37924/D006262/D043183,GMrepo
PRJEB37924,GMrepo curated Health vs. Irritable Bowel Syndrome,Curated project-level marker taxa from GMrepo,mNGS,curated,Parabacteroides faecalis,species,2924040,Irritable Bowel Syndrome,D043183,Health,D006262,Irritable Bowel Syndrome,D043183,Health,Irritable Bowel Syndrome,LEfSe,LDA,-2.59642753568478,https://gmrepo.humangut.info/data/project/PRJEB37924/D006262/D043183,GMrepo
PRJEB37924,GMrepo curated Health vs. Irritable Bowel Syndrome,Curated project-level marker taxa from GMrepo,mNGS,curated,Lentihominibacter,genus,2944200,Irritable Bowel Syndrome,D043183,Health,D006262,Irritable Bowel Syndrome,D043183,Health,Irritable Bowel Syndrome,LEfSe,LDA,-2.594480291948,https://gmrepo.humangut.info/data/project/PRJEB37924/D006262/D043183,GMrepo
PRJEB37924,GMrepo curated Health vs. Irritable Bowel Syndrome,Curated project-level marker taxa from GMrepo,mNGS,curated,Lawsonibacter,genus,2172004,Irritable Bowel Syndrome,D043183,Health,D006262,Irritable Bowel Syndrome,D043183,Health,Irritable Bowel Syndrome,LEfSe,LDA,-2.55315976190133,https://gmrepo.humangut.info/data/project/PRJEB37924/D006262/D043183,GMrepo
PRJEB37924,GMrepo curated Health vs. Irritable Bowel Syndrome,Curated project-level marker taxa from GMrepo,mNGS,curated,Flavonifractor,genus,946234,Irritable Bowel Syndrome,D043183,Health,D006262,Irritable Bowel Syndrome,D043183,Health,Irritable Bowel Syndrome,LEfSe,LDA,-2.54574408450706,https://gmrepo.humangut.info/data/project/PRJEB37924/D006262/D043183,GMrepo
PRJEB37924,GMrepo curated Health vs. Irritable Bowel Syndrome,Curated project-level marker taxa from GMrepo,mNGS,curated,Lentihominibacter faecis,species,2764712,Irritable Bowel Syndrome,D043183,Health,D006262,Irritable Bowel Syndrome,D043183,Health,Irritable Bowel Syndrome,LEfSe,LDA,-2.54330737061567,https://gmrepo.humangut.info/data/project/PRJEB37924/D006262/D043183,GMrepo
PRJEB37924,GMrepo curated Health vs. Irritable Bowel Syndrome,Curated project-level marker taxa from GMrepo,mNGS,curated,Mitsuokella,genus,52225,Irritable Bowel Syndrome,D043183,Health,D006262,Irritable Bowel Syndrome,D043183,Health,Irritable Bowel Syndrome,LEfSe,LDA,-2.53094802747908,https://gmrepo.humangut.info/data/project/PRJEB37924/D006262/D043183,GMrepo
PRJEB37924,GMrepo curated Health vs. Irritable Bowel Syndrome,Curated project-level marker taxa from GMrepo,mNGS,curated,Mitsuokella multacida,species,52226,Irritable Bowel Syndrome,D043183,Health,D006262,Irritable Bowel Syndrome,D043183,Health,Irritable Bowel Syndrome,LEfSe,LDA,-2.52977510670937,https://gmrepo.humangut.info/data/project/PRJEB37924/D006262/D043183,GMrepo
PRJEB37924,GMrepo curated Health vs. Irritable Bowel Syndrome,Curated project-level marker taxa from GMrepo,mNGS,curated,Lawsonibacter asaccharolyticus,species,2108523,Irritable Bowel Syndrome,D043183,Health,D006262,Irritable Bowel Syndrome,D043183,Health,Irritable Bowel Syndrome,LEfSe,LDA,-2.52249469914272,https://gmrepo.humangut.info/data/project/PRJEB37924/D006262/D043183,GMrepo
PRJEB37924,GMrepo curated Health vs. Irritable Bowel Syndrome,Curated project-level marker taxa from GMrepo,mNGS,curated,Clostridium sp. AF36-4,species,2293015,Irritable Bowel Syndrome,D043183,Health,D006262,Irritable Bowel Syndrome,D043183,Health,Irritable Bowel Syndrome,LEfSe,LDA,-2.48492370060169,https://gmrepo.humangut.info/data/project/PRJEB37924/D006262/D043183,GMrepo
PRJEB37924,GMrepo curated Health vs. Irritable Bowel Syndrome,Curated project-level marker taxa from GMrepo,mNGS,curated,Kineothrix,genus,2163168,Irritable Bowel Syndrome,D043183,Health,D006262,Irritable Bowel Syndrome,D043183,Health,Irritable Bowel Syndrome,LEfSe,LDA,-2.48394952125304,https://gmrepo.humangut.info/data/project/PRJEB37924/D006262/D043183,GMrepo
PRJEB37924,GMrepo curated Health vs. Irritable Bowel Syndrome,Curated project-level marker taxa from GMrepo,mNGS,curated,Slackia isoflavoniconvertens,species,572010,Irritable Bowel Syndrome,D043183,Health,D006262,Irritable Bowel Syndrome,D043183,Health,Irritable Bowel Syndrome,LEfSe,LDA,-2.47964706914173,https://gmrepo.humangut.info/data/project/PRJEB37924/D006262/D043183,GMrepo
PRJNA682378,GMrepo curated Health vs. Irritable Bowel Syndrome,Curated project-level marker taxa from GMrepo,16S,curated,Odoribacter,genus,283168,Irritable Bowel Syndrome,D043183,Health,D006262,Irritable Bowel Syndrome,D043183,Health,Irritable Bowel Syndrome,LEfSe,LDA,-2.40687332645674,https://gmrepo.humangut.info/data/project/PRJNA682378/D006262/D043183,GMrepo
PRJEB37924,GMrepo curated Health vs. Irritable Bowel Syndrome,Curated project-level marker taxa from GMrepo,mNGS,curated,Fusicatenibacter faecihominis,species,2881276,Irritable Bowel Syndrome,D043183,Health,D006262,Irritable Bowel Syndrome,D043183,Health,Irritable Bowel Syndrome,LEfSe,LDA,-2.39769946709655,https://gmrepo.humangut.info/data/project/PRJEB37924/D006262/D043183,GMrepo
PRJEB37924,GMrepo curated Health vs. Irritable Bowel Syndrome,Curated project-level marker taxa from GMrepo,mNGS,curated,Coprococcus catus,species,116085,Irritable Bowel Syndrome,D043183,Health,D006262,Irritable Bowel Syndrome,D043183,Health,Irritable Bowel Syndrome,LEfSe,LDA,-2.359718203631,https://gmrepo.humangut.info/data/project/PRJEB37924/D006262/D043183,GMrepo
PRJNA682378,GMrepo curated Health vs. Irritable Bowel Syndrome,Curated project-level marker taxa from GMrepo,16S,curated,Victivallis,genus,172900,Irritable Bowel Syndrome,D043183,Health,D006262,Irritable Bowel Syndrome,D043183,Health,Irritable Bowel Syndrome,LEfSe,LDA,-2.30395752642656,https://gmrepo.humangut.info/data/project/PRJNA682378/D006262/D043183,GMrepo
PRJEB37924,GMrepo curated Health vs. Irritable Bowel Syndrome,Curated project-level marker taxa from GMrepo,mNGS,curated,Bacteroides fluxus,species,626930,Irritable Bowel Syndrome,D043183,Health,D006262,Irritable Bowel Syndrome,D043183,Health,Irritable Bowel Syndrome,LEfSe,LDA,-2.26764524408474,https://gmrepo.humangut.info/data/project/PRJEB37924/D006262/D043183,GMrepo
PRJEB37924,GMrepo curated Health vs. Irritable Bowel Syndrome,Curated project-level marker taxa from GMrepo,mNGS,curated,Jutongia,genus,2944194,Irritable Bowel Syndrome,D043183,Health,D006262,Irritable Bowel Syndrome,D043183,Health,Irritable Bowel Syndrome,LEfSe,LDA,-2.24809101753839,https://gmrepo.humangut.info/data/project/PRJEB37924/D006262/D043183,GMrepo
PRJEB37924,GMrepo curated Health vs. Irritable Bowel Syndrome,Curated project-level marker taxa from GMrepo,mNGS,curated,Jutongia hominis,species,2763664,Irritable Bowel Syndrome,D043183,Health,D006262,Irritable Bowel Syndrome,D043183,Health,Irritable Bowel Syndrome,LEfSe,LDA,-2.24780541304452,https://gmrepo.humangut.info/data/project/PRJEB37924/D006262/D043183,GMrepo
PRJEB37924,GMrepo curated Health vs. Irritable Bowel Syndrome,Curated project-level marker taxa from GMrepo,mNGS,curated,Eubacterium sp. AF34-35BH,species,2293107,Irritable Bowel Syndrome,D043183,Health,D006262,Irritable Bowel Syndrome,D043183,Health,Irritable Bowel Syndrome,LEfSe,LDA,-2.24334546445332,https://gmrepo.humangut.info/data/project/PRJEB37924/D006262/D043183,GMrepo
PRJNA682378,GMrepo curated Health vs. Irritable Bowel Syndrome,Curated project-level marker taxa from GMrepo,16S,curated,Eisenbergiella,genus,1432051,Irritable Bowel Syndrome,D043183,Health,D006262,Irritable Bowel Syndrome,D043183,Health,Irritable Bowel Syndrome,LEfSe,LDA,-2.22095982940083,https://gmrepo.humangut.info/data/project/PRJNA682378/D006262/D043183,GMrepo
PRJNA682378,GMrepo curated Health vs. Irritable Bowel Syndrome,Curated project-level marker taxa from GMrepo,16S,curated,Muribaculum,genus,1918540,Irritable Bowel Syndrome,D043183,Health,D006262,Irritable Bowel Syndrome,D043183,Health,Irritable Bowel Syndrome,LEfSe,LDA,-2.17784823588691,https://gmrepo.humangut.info/data/project/PRJNA682378/D006262/D043183,GMrepo
PRJNA682378,GMrepo curated Health vs. Irritable Bowel Syndrome,Curated project-level marker taxa from GMrepo,16S,curated,Enterorhabdus,genus,580024,Irritable Bowel Syndrome,D043183,Health,D006262,Irritable Bowel Syndrome,D043183,Health,Irritable Bowel Syndrome,LEfSe,LDA,-2.13351053773581,https://gmrepo.humangut.info/data/project/PRJNA682378/D006262/D043183,GMrepo
PRJNA682378,GMrepo curated Health vs. Irritable Bowel Syndrome,Curated project-level marker taxa from GMrepo,16S,curated,Faecalitalea,genus,1573534,Irritable Bowel Syndrome,D043183,Health,D006262,Irritable Bowel Syndrome,D043183,Health,Irritable Bowel Syndrome,LEfSe,LDA,-2.11249207329769,https://gmrepo.humangut.info/data/project/PRJNA682378/D006262/D043183,GMrepo
PRJEB37924,GMrepo curated Health vs. Irritable Bowel Syndrome,Curated project-level marker taxa from GMrepo,mNGS,curated,Amedibacterium intestinale,species,2583452,Irritable Bowel Syndrome,D043183,Health,D006262,Irritable Bowel Syndrome,D043183,Health,Irritable Bowel Syndrome,LEfSe,LDA,-2.10622722895132,https://gmrepo.humangut.info/data/project/PRJEB37924/D006262/D043183,GMrepo
PRJEB37924,GMrepo curated Health vs. Irritable Bowel Syndrome,Curated project-level marker taxa from GMrepo,mNGS,curated,Blautia luti,species,89014,Irritable Bowel Syndrome,D043183,Health,D006262,Irritable Bowel Syndrome,D043183,Health,Irritable Bowel Syndrome,LEfSe,LDA,-2.08488482031005,https://gmrepo.humangut.info/data/project/PRJEB37924/D006262/D043183,GMrepo
PRJEB37924,GMrepo curated Health vs. Irritable Bowel Syndrome,Curated project-level marker taxa from GMrepo,mNGS,curated,Amedibacterium,genus,2749267,Irritable Bowel Syndrome,D043183,Health,D006262,Irritable Bowel Syndrome,D043183,Health,Irritable Bowel Syndrome,LEfSe,LDA,-2.08441281719847,https://gmrepo.humangut.info/data/project/PRJEB37924/D006262/D043183,GMrepo
PRJEB37924,GMrepo curated Health vs. Irritable Bowel Syndrome,Curated project-level marker taxa from GMrepo,mNGS,curated,Drancourtella massiliensis,species,1632013,Irritable Bowel Syndrome,D043183,Health,D006262,Irritable Bowel Syndrome,D043183,Health,Irritable Bowel Syndrome,LEfSe,LDA,-2.05010808796294,https://gmrepo.humangut.info/data/project/PRJEB37924/D006262/D043183,GMrepo
PRJEB37924,GMrepo curated Health vs. Irritable Bowel Syndrome,Curated project-level marker taxa from GMrepo,mNGS,curated,Anaerovibrio,genus,82373,Irritable Bowel Syndrome,D043183,Health,D006262,Irritable Bowel Syndrome,D043183,Health,Irritable Bowel Syndrome,LEfSe,LDA,-2.02310526263181,https://gmrepo.humangut.info/data/project/PRJEB37924/D006262/D043183,GMrepo
PRJNA682378,GMrepo curated Health vs. Irritable Bowel Syndrome,Curated project-level marker taxa from GMrepo,16S,curated,Terrisporobacter,genus,1505652,Irritable Bowel Syndrome,D043183,Health,D006262,Irritable Bowel Syndrome,D043183,Health,Irritable Bowel Syndrome,LEfSe,LDA,-2.00458986596372,https://gmrepo.humangut.info/data/project/PRJNA682378/D006262/D043183,GMrepo
PRJEB37924,GMrepo curated Health vs. Irritable Bowel Syndrome,Curated project-level marker taxa from GMrepo,mNGS,curated,Anaerovibrio lipolyticus,species,82374,Irritable Bowel Syndrome,D043183,Health,D006262,Irritable Bowel Syndrome,D043183,Health,Irritable Bowel Syndrome,LEfSe,LDA,-2.00141842803158,https://gmrepo.humangut.info/data/project/PRJEB37924/D006262/D043183,GMrepo
PRJEB37924,GMrepo curated Health vs. Irritable Bowel Syndrome,Curated project-level marker taxa from GMrepo,mNGS,curated,Clostridium sp. AF27-2AA,species,2292206,Irritable Bowel Syndrome,D043183,Health,D006262,Irritable Bowel Syndrome,D043183,Health,Irritable Bowel Syndrome,LEfSe,LDA,2.00650433142213,https://gmrepo.humangut.info/data/project/PRJEB37924/D006262/D043183,GMrepo
PRJNA682378,GMrepo curated Health vs. Irritable Bowel Syndrome,Curated project-level marker taxa from GMrepo,16S,curated,Parolsenella,genus,2082587,Irritable Bowel Syndrome,D043183,Health,D006262,Irritable Bowel Syndrome,D043183,Health,Irritable Bowel Syndrome,LEfSe,LDA,2.01168013508804,https://gmrepo.humangut.info/data/project/PRJNA682378/D006262/D043183,GMrepo
PRJNA682378,GMrepo curated Health vs. Irritable Bowel Syndrome,Curated project-level marker taxa from GMrepo,16S,curated,Shuttleworthella,genus,177971,Irritable Bowel Syndrome,D043183,Health,D006262,Irritable Bowel Syndrome,D043183,Health,Irritable Bowel Syndrome,LEfSe,LDA,2.02245815455728,https://gmrepo.humangut.info/data/project/PRJNA682378/D006262/D043183,GMrepo
PRJEB37924,GMrepo curated Health vs. Irritable Bowel Syndrome,Curated project-level marker taxa from GMrepo,mNGS,curated,Clostridium sp. AM29-11AC,species,2293028,Irritable Bowel Syndrome,D043183,Health,D006262,Irritable Bowel Syndrome,D043183,Health,Irritable Bowel Syndrome,LEfSe,LDA,2.11312174636835,https://gmrepo.humangut.info/data/project/PRJEB37924/D006262/D043183,GMrepo
PRJEB37924,GMrepo curated Health vs. Irritable Bowel Syndrome,Curated project-level marker taxa from GMrepo,mNGS,curated,Clostridia bacterium UC5.1-1E11,species,1697793,Irritable Bowel Syndrome,D043183,Health,D006262,Irritable Bowel Syndrome,D043183,Health,Irritable Bowel Syndrome,LEfSe,LDA,2.11914342358504,https://gmrepo.humangut.info/data/project/PRJEB37924/D006262/D043183,GMrepo
PRJNA682378,GMrepo curated Health vs. Irritable Bowel Syndrome,Curated project-level marker taxa from GMrepo,16S,curated,Hydrogenoanaerobacterium,genus,596767,Irritable Bowel Syndrome,D043183,Health,D006262,Irritable Bowel Syndrome,D043183,Health,Irritable Bowel Syndrome,LEfSe,LDA,2.13652177693396,https://gmrepo.humangut.info/data/project/PRJNA682378/D006262/D043183,GMrepo
PRJNA682378,GMrepo curated Health vs. Irritable Bowel Syndrome,Curated project-level marker taxa from GMrepo,16S,curated,Senegalimassilia,genus,1473205,Irritable Bowel Syndrome,D043183,Health,D006262,Irritable Bowel Syndrome,D043183,Health,Irritable Bowel Syndrome,LEfSe,LDA,2.17556524979666,https://gmrepo.humangut.info/data/project/PRJNA682378/D006262/D043183,GMrepo
PRJNA682378,GMrepo curated Health vs. Irritable Bowel Syndrome,Curated project-level marker taxa from GMrepo,16S,curated,Butyricimonas,genus,574697,Irritable Bowel Syndrome,D043183,Health,D006262,Irritable Bowel Syndrome,D043183,Health,Irritable Bowel Syndrome,LEfSe,LDA,2.19000668114726,https://gmrepo.humangut.info/data/project/PRJNA682378/D006262/D043183,GMrepo
PRJEB37924,GMrepo curated Health vs. Irritable Bowel Syndrome,Curated project-level marker taxa from GMrepo,mNGS,curated,Lachnospiraceae bacterium EP-SM-12S-S03,species,2883176,Irritable Bowel Syndrome,D043183,Health,D006262,Irritable Bowel Syndrome,D043183,Health,Irritable Bowel Syndrome,LEfSe,LDA,2.30627201240745,https://gmrepo.humangut.info/data/project/PRJEB37924/D006262/D043183,GMrepo
PRJEB37924,GMrepo curated Health vs. Irritable Bowel Syndrome,Curated project-level marker taxa from GMrepo,mNGS,curated,[Clostridium] innocuum,species,1522,Irritable Bowel Syndrome,D043183,Health,D006262,Irritable Bowel Syndrome,D043183,Health,Irritable Bowel Syndrome,LEfSe,LDA,2.33567165271774,https://gmrepo.humangut.info/data/project/PRJEB37924/D006262/D043183,GMrepo
PRJEB37924,GMrepo curated Health vs. Irritable Bowel Syndrome,Curated project-level marker taxa from GMrepo,mNGS,curated,Limosilactobacillus portuensis,species,2742601,Irritable Bowel Syndrome,D043183,Health,D006262,Irritable Bowel Syndrome,D043183,Health,Irritable Bowel Syndrome,LEfSe,LDA,2.35858769652754,https://gmrepo.humangut.info/data/project/PRJEB37924/D006262/D043183,GMrepo
PRJEB37924,GMrepo curated Health vs. Irritable Bowel Syndrome,Curated project-level marker taxa from GMrepo,mNGS,curated,Enterocloster bolteae,species,208479,Irritable Bowel Syndrome,D043183,Health,D006262,Irritable Bowel Syndrome,D043183,Health,Irritable Bowel Syndrome,LEfSe,LDA,2.43105574450285,https://gmrepo.humangut.info/data/project/PRJEB37924/D006262/D043183,GMrepo
PRJEB37924,GMrepo curated Health vs. Irritable Bowel Syndrome,Curated project-level marker taxa from GMrepo,mNGS,curated,Collinsella sp. AF08-23,species,2292211,Irritable Bowel Syndrome,D043183,Health,D006262,Irritable Bowel Syndrome,D043183,Health,Irritable Bowel Syndrome,LEfSe,LDA,2.4650873707407,https://gmrepo.humangut.info/data/project/PRJEB37924/D006262/D043183,GMrepo
PRJNA637763,GMrepo curated Health vs. Irritable Bowel Syndrome,Curated project-level marker taxa from GMrepo,16S,curated,Coprobacillus,genus,100883,Irritable Bowel Syndrome,D043183,Health,D006262,Irritable Bowel Syndrome,D043183,Health,Irritable Bowel Syndrome,LEfSe,LDA,2.51115124075797,https://gmrepo.humangut.info/data/project/PRJNA637763/D006262/D043183,GMrepo
PRJEB37924,GMrepo curated Health vs. Irritable Bowel Syndrome,Curated project-level marker taxa from GMrepo,mNGS,curated,Pseudoflavonifractor phocaeensis,species,1870988,Irritable Bowel Syndrome,D043183,Health,D006262,Irritable Bowel Syndrome,D043183,Health,Irritable Bowel Syndrome,LEfSe,LDA,2.52479010671358,https://gmrepo.humangut.info/data/project/PRJEB37924/D006262/D043183,GMrepo
PRJEB37924,GMrepo curated Health vs. Irritable Bowel Syndrome,Curated project-level marker taxa from GMrepo,mNGS,curated,Longibaculum muris,species,1796628,Irritable Bowel Syndrome,D043183,Health,D006262,Irritable Bowel Syndrome,D043183,Health,Irritable Bowel Syndrome,LEfSe,LDA,2.54258835258944,https://gmrepo.humangut.info/data/project/PRJEB37924/D006262/D043183,GMrepo
PRJNA637763,GMrepo curated Health vs. Irritable Bowel Syndrome,Curated project-level marker taxa from GMrepo,16S,curated,Actinomyces,genus,1654,Irritable Bowel Syndrome,D043183,Health,D006262,Irritable Bowel Syndrome,D043183,Health,Irritable Bowel Syndrome,LEfSe,LDA,2.58088263338032,https://gmrepo.humangut.info/data/project/PRJNA637763/D006262/D043183,GMrepo
PRJEB37924,GMrepo curated Health vs. Irritable Bowel Syndrome,Curated project-level marker taxa from GMrepo,mNGS,curated,Thomasclavelia,genus,1505663,Irritable Bowel Syndrome,D043183,Health,D006262,Irritable Bowel Syndrome,D043183,Health,Irritable Bowel Syndrome,LEfSe,LDA,2.58316591390641,https://gmrepo.humangut.info/data/project/PRJEB37924/D006262/D043183,GMrepo
PRJEB37924,GMrepo curated Health vs. Irritable Bowel Syndrome,Curated project-level marker taxa from GMrepo,mNGS,curated,Bacteroides clarus,species,626929,Irritable Bowel Syndrome,D043183,Health,D006262,Irritable Bowel Syndrome,D043183,Health,Irritable Bowel Syndrome,LEfSe,LDA,2.60025800503509,https://gmrepo.humangut.info/data/project/PRJEB37924/D006262/D043183,GMrepo
PRJEB37924,GMrepo curated Health vs. Irritable Bowel Syndrome,Curated project-level marker taxa from GMrepo,mNGS,curated,Longibaculum,genus,1918538,Irritable Bowel Syndrome,D043183,Health,D006262,Irritable Bowel Syndrome,D043183,Health,Irritable Bowel Syndrome,LEfSe,LDA,2.60261197672525,https://gmrepo.humangut.info/data/project/PRJEB37924/D006262/D043183,GMrepo
PRJEB37924,GMrepo curated Health vs. Irritable Bowel Syndrome,Curated project-level marker taxa from GMrepo,mNGS,curated,Parabacteroides faecis,species,1217282,Irritable Bowel Syndrome,D043183,Health,D006262,Irritable Bowel Syndrome,D043183,Health,Irritable Bowel Syndrome,LEfSe,LDA,2.60798576838979,https://gmrepo.humangut.info/data/project/PRJEB37924/D006262/D043183,GMrepo
PRJEB37924,GMrepo curated Health vs. Irritable Bowel Syndrome,Curated project-level marker taxa from GMrepo,mNGS,curated,Alistipes communis,species,2585118,Irritable Bowel Syndrome,D043183,Health,D006262,Irritable Bowel Syndrome,D043183,Health,Irritable Bowel Syndrome,LEfSe,LDA,2.62225839117137,https://gmrepo.humangut.info/data/project/PRJEB37924/D006262/D043183,GMrepo
PRJEB37924,GMrepo curated Health vs. Irritable Bowel Syndrome,Curated project-level marker taxa from GMrepo,mNGS,curated,Limosilactobacillus,genus,2742598,Irritable Bowel Syndrome,D043183,Health,D006262,Irritable Bowel Syndrome,D043183,Health,Irritable Bowel Syndrome,LEfSe,LDA,2.63053412697788,https://gmrepo.humangut.info/data/project/PRJEB37924/D006262/D043183,GMrepo
PRJEB37924,GMrepo curated Health vs. Irritable Bowel Syndrome,Curated project-level marker taxa from GMrepo,mNGS,curated,Pseudoflavonifractor,genus,1017280,Irritable Bowel Syndrome,D043183,Health,D006262,Irritable Bowel Syndrome,D043183,Health,Irritable Bowel Syndrome,LEfSe,LDA,2.63197986357491,https://gmrepo.humangut.info/data/project/PRJEB37924/D006262/D043183,GMrepo
PRJNA682378,GMrepo curated Health vs. Irritable Bowel Syndrome,Curated project-level marker taxa from GMrepo,16S,curated,Negativibacillus,genus,1980693,Irritable Bowel Syndrome,D043183,Health,D006262,Irritable Bowel Syndrome,D043183,Health,Irritable Bowel Syndrome,LEfSe,LDA,2.66339673426427,https://gmrepo.humangut.info/data/project/PRJNA682378/D006262/D043183,GMrepo
PRJEB37924,GMrepo curated Health vs. Irritable Bowel Syndrome,Curated project-level marker taxa from GMrepo,mNGS,curated,Clostridiales bacterium,species,1898207,Irritable Bowel Syndrome,D043183,Health,D006262,Irritable Bowel Syndrome,D043183,Health,Irritable Bowel Syndrome,LEfSe,LDA,2.68385670441429,https://gmrepo.humangut.info/data/project/PRJEB37924/D006262/D043183,GMrepo
PRJEB37924,GMrepo curated Health vs. Irritable Bowel Syndrome,Curated project-level marker taxa from GMrepo,mNGS,curated,Lachnoclostridium,genus,1506553,Irritable Bowel Syndrome,D043183,Health,D006262,Irritable Bowel Syndrome,D043183,Health,Irritable Bowel Syndrome,LEfSe,LDA,2.69385741228466,https://gmrepo.humangut.info/data/project/PRJEB37924/D006262/D043183,GMrepo
PRJEB37924,GMrepo curated Health vs. Irritable Bowel Syndrome,Curated project-level marker taxa from GMrepo,mNGS,curated,Blautia hydrogenotrophica,species,53443,Irritable Bowel Syndrome,D043183,Health,D006262,Irritable Bowel Syndrome,D043183,Health,Irritable Bowel Syndrome,LEfSe,LDA,2.75262451138344,https://gmrepo.humangut.info/data/project/PRJEB37924/D006262/D043183,GMrepo
PRJEB37924,GMrepo curated Health vs. Irritable Bowel Syndrome,Curated project-level marker taxa from GMrepo,mNGS,curated,Gordonibacter pamelaeae,species,471189,Irritable Bowel Syndrome,D043183,Health,D006262,Irritable Bowel Syndrome,D043183,Health,Irritable Bowel Syndrome,LEfSe,LDA,2.76278522932402,https://gmrepo.humangut.info/data/project/PRJEB37924/D006262/D043183,GMrepo
PRJEB37924,GMrepo curated Health vs. Irritable Bowel Syndrome,Curated project-level marker taxa from GMrepo,mNGS,curated,Gordonibacter,genus,644652,Irritable Bowel Syndrome,D043183,Health,D006262,Irritable Bowel Syndrome,D043183,Health,Irritable Bowel Syndrome,LEfSe,LDA,2.82623101008838,https://gmrepo.humangut.info/data/project/PRJEB37924/D006262/D043183,GMrepo
PRJNA682378,GMrepo curated Health vs. Irritable Bowel Syndrome,Curated project-level marker taxa from GMrepo,16S,curated,Allisonella,genus,209879,Irritable Bowel Syndrome,D043183,Health,D006262,Irritable Bowel Syndrome,D043183,Health,Irritable Bowel Syndrome,LEfSe,LDA,2.84269618609774,https://gmrepo.humangut.info/data/project/PRJNA682378/D006262/D043183,GMrepo
PRJEB37924,GMrepo curated Health vs. Irritable Bowel Syndrome,Curated project-level marker taxa from GMrepo,mNGS,curated,Eisenbergiella,genus,1432051,Irritable Bowel Syndrome,D043183,Health,D006262,Irritable Bowel Syndrome,D043183,Health,Irritable Bowel Syndrome,LEfSe,LDA,2.85759302526699,https://gmrepo.humangut.info/data/project/PRJEB37924/D006262/D043183,GMrepo
PRJNA682378,GMrepo curated Health vs. Irritable Bowel Syndrome,Curated project-level marker taxa from GMrepo,16S,curated,Tannerellaceae,genus,2005525,Irritable Bowel Syndrome,D043183,Health,D006262,Irritable Bowel Syndrome,D043183,Health,Irritable Bowel Syndrome,LEfSe,LDA,2.87106756182797,https://gmrepo.humangut.info/data/project/PRJNA682378/D006262/D043183,GMrepo
PRJEB37924,GMrepo curated Health vs. Irritable Bowel Syndrome,Curated project-level marker taxa from GMrepo,mNGS,curated,Parasutterella excrementihominis,species,487175,Irritable Bowel Syndrome,D043183,Health,D006262,Irritable Bowel Syndrome,D043183,Health,Irritable Bowel Syndrome,LEfSe,LDA,2.90300235126978,https://gmrepo.humangut.info/data/project/PRJEB37924/D006262/D043183,GMrepo
PRJEB37924,GMrepo curated Health vs. Irritable Bowel Syndrome,Curated project-level marker taxa from GMrepo,mNGS,curated,Dorea sp. AF36-15AT,species,2292041,Irritable Bowel Syndrome,D043183,Health,D006262,Irritable Bowel Syndrome,D043183,Health,Irritable Bowel Syndrome,LEfSe,LDA,2.91130173247278,https://gmrepo.humangut.info/data/project/PRJEB37924/D006262/D043183,GMrepo
PRJEB37924,GMrepo curated Health vs. Irritable Bowel Syndrome,Curated project-level marker taxa from GMrepo,mNGS,curated,Eggerthella lenta,species,84112,Irritable Bowel Syndrome,D043183,Health,D006262,Irritable Bowel Syndrome,D043183,Health,Irritable Bowel Syndrome,LEfSe,LDA,2.91399054161411,https://gmrepo.humangut.info/data/project/PRJEB37924/D006262/D043183,GMrepo
PRJEB37924,GMrepo curated Health vs. Irritable Bowel Syndrome,Curated project-level marker taxa from GMrepo,mNGS,curated,Eggerthella,genus,84111,Irritable Bowel Syndrome,D043183,Health,D006262,Irritable Bowel Syndrome,D043183,Health,Irritable Bowel Syndrome,LEfSe,LDA,2.94129856592957,https://gmrepo.humangut.info/data/project/PRJEB37924/D006262/D043183,GMrepo
PRJEB37924,GMrepo curated Health vs. Irritable Bowel Syndrome,Curated project-level marker taxa from GMrepo,mNGS,curated,Ligilactobacillus,genus,2767887,Irritable Bowel Syndrome,D043183,Health,D006262,Irritable Bowel Syndrome,D043183,Health,Irritable Bowel Syndrome,LEfSe,LDA,2.95377602686563,https://gmrepo.humangut.info/data/project/PRJEB37924/D006262/D043183,GMrepo
PRJEB37924,GMrepo curated Health vs. Irritable Bowel Syndrome,Curated project-level marker taxa from GMrepo,mNGS,curated,[Clostridium] leptum,species,1535,Irritable Bowel Syndrome,D043183,Health,D006262,Irritable Bowel Syndrome,D043183,Health,Irritable Bowel Syndrome,LEfSe,LDA,2.95727856056349,https://gmrepo.humangut.info/data/project/PRJEB37924/D006262/D043183,GMrepo
PRJEB37924,GMrepo curated Health vs. Irritable Bowel Syndrome,Curated project-level marker taxa from GMrepo,mNGS,curated,Lactobacillus gasseri,species,1596,Irritable Bowel Syndrome,D043183,Health,D006262,Irritable Bowel Syndrome,D043183,Health,Irritable Bowel Syndrome,LEfSe,LDA,2.96773025264642,https://gmrepo.humangut.info/data/project/PRJEB37924/D006262/D043183,GMrepo
PRJEB37924,GMrepo curated Health vs. Irritable Bowel Syndrome,Curated project-level marker taxa from GMrepo,mNGS,curated,Parasutterella,genus,577310,Irritable Bowel Syndrome,D043183,Health,D006262,Irritable Bowel Syndrome,D043183,Health,Irritable Bowel Syndrome,LEfSe,LDA,2.99249786125458,https://gmrepo.humangut.info/data/project/PRJEB37924/D006262/D043183,GMrepo
PRJEB37924,GMrepo curated Health vs. Irritable Bowel Syndrome,Curated project-level marker taxa from GMrepo,mNGS,curated,Streptococcus parasanguinis,species,1318,Irritable Bowel Syndrome,D043183,Health,D006262,Irritable Bowel Syndrome,D043183,Health,Irritable Bowel Syndrome,LEfSe,LDA,3.00243429869174,https://gmrepo.humangut.info/data/project/PRJEB37924/D006262/D043183,GMrepo
PRJNA682378,GMrepo curated Health vs. Irritable Bowel Syndrome,Curated project-level marker taxa from GMrepo,16S,curated,Muribaculaceae,genus,2005473,Irritable Bowel Syndrome,D043183,Health,D006262,Irritable Bowel Syndrome,D043183,Health,Irritable Bowel Syndrome,LEfSe,LDA,3.00903010426528,https://gmrepo.humangut.info/data/project/PRJNA682378/D006262/D043183,GMrepo
PRJEB37924,GMrepo curated Health vs. Irritable Bowel Syndrome,Curated project-level marker taxa from GMrepo,mNGS,curated,Phocaeicola plebeius,species,310297,Irritable Bowel Syndrome,D043183,Health,D006262,Irritable Bowel Syndrome,D043183,Health,Irritable Bowel Syndrome,LEfSe,LDA,3.01093474622342,https://gmrepo.humangut.info/data/project/PRJEB37924/D006262/D043183,GMrepo
PRJNA682378,GMrepo curated Health vs. Irritable Bowel Syndrome,Curated project-level marker taxa from GMrepo,16S,curated,Megamonas,genus,158846,Irritable Bowel Syndrome,D043183,Health,D006262,Irritable Bowel Syndrome,D043183,Health,Irritable Bowel Syndrome,LEfSe,LDA,3.02021472333499,https://gmrepo.humangut.info/data/project/PRJNA682378/D006262/D043183,GMrepo
PRJEB37924,GMrepo curated Health vs. Irritable Bowel Syndrome,Curated project-level marker taxa from GMrepo,mNGS,curated,Bifidobacterium catenulatum,species,1686,Irritable Bowel Syndrome,D043183,Health,D006262,Irritable Bowel Syndrome,D043183,Health,Irritable Bowel Syndrome,LEfSe,LDA,3.02235280623888,https://gmrepo.humangut.info/data/project/PRJEB37924/D006262/D043183,GMrepo
PRJNA682378,GMrepo curated Health vs. Irritable Bowel Syndrome,Curated project-level marker taxa from GMrepo,16S,curated,Sutterella,genus,40544,Irritable Bowel Syndrome,D043183,Health,D006262,Irritable Bowel Syndrome,D043183,Health,Irritable Bowel Syndrome,LEfSe,LDA,3.02630471206689,https://gmrepo.humangut.info/data/project/PRJNA682378/D006262/D043183,GMrepo
PRJEB37924,GMrepo curated Health vs. Irritable Bowel Syndrome,Curated project-level marker taxa from GMrepo,mNGS,curated,Lactobacillus,genus,1578,Irritable Bowel Syndrome,D043183,Health,D006262,Irritable Bowel Syndrome,D043183,Health,Irritable Bowel Syndrome,LEfSe,LDA,3.072482174656,https://gmrepo.humangut.info/data/project/PRJEB37924/D006262/D043183,GMrepo
PRJNA637763,GMrepo curated Health vs. Irritable Bowel Syndrome,Curated project-level marker taxa from GMrepo,16S,curated,Halomonas,genus,2745,Irritable Bowel Syndrome,D043183,Health,D006262,Irritable Bowel Syndrome,D043183,Health,Irritable Bowel Syndrome,LEfSe,LDA,3.11758571434272,https://gmrepo.humangut.info/data/project/PRJNA637763/D006262/D043183,GMrepo
PRJEB37924,GMrepo curated Health vs. Irritable Bowel Syndrome,Curated project-level marker taxa from GMrepo,mNGS,curated,Bifidobacterium animalis,species,28025,Irritable Bowel Syndrome,D043183,Health,D006262,Irritable Bowel Syndrome,D043183,Health,Irritable Bowel Syndrome,LEfSe,LDA,3.12298938234579,https://gmrepo.humangut.info/data/project/PRJEB37924/D006262/D043183,GMrepo
PRJEB37924,GMrepo curated Health vs. Irritable Bowel Syndrome,Curated project-level marker taxa from GMrepo,mNGS,curated,Alistipes finegoldii,species,214856,Irritable Bowel Syndrome,D043183,Health,D006262,Irritable Bowel Syndrome,D043183,Health,Irritable Bowel Syndrome,LEfSe,LDA,3.12495587861813,https://gmrepo.humangut.info/data/project/PRJEB37924/D006262/D043183,GMrepo
PRJEB37924,GMrepo curated Health vs. Irritable Bowel Syndrome,Curated project-level marker taxa from GMrepo,mNGS,curated,Dorea phocaeensis,species,2040291,Irritable Bowel Syndrome,D043183,Health,D006262,Irritable Bowel Syndrome,D043183,Health,Irritable Bowel Syndrome,LEfSe,LDA,3.13098274733832,https://gmrepo.humangut.info/data/project/PRJEB37924/D006262/D043183,GMrepo
PRJEB37924,GMrepo curated Health vs. Irritable Bowel Syndrome,Curated project-level marker taxa from GMrepo,mNGS,curated,Bacteroides thetaiotaomicron,species,818,Irritable Bowel Syndrome,D043183,Health,D006262,Irritable Bowel Syndrome,D043183,Health,Irritable Bowel Syndrome,LEfSe,LDA,3.15806390151187,https://gmrepo.humangut.info/data/project/PRJEB37924/D006262/D043183,GMrepo
PRJEB37924,GMrepo curated Health vs. Irritable Bowel Syndrome,Curated project-level marker taxa from GMrepo,mNGS,curated,Blautia faecicola,species,2509240,Irritable Bowel Syndrome,D043183,Health,D006262,Irritable Bowel Syndrome,D043183,Health,Irritable Bowel Syndrome,LEfSe,LDA,3.21530302852927,https://gmrepo.humangut.info/data/project/PRJEB37924/D006262/D043183,GMrepo
PRJEB37924,GMrepo curated Health vs. Irritable Bowel Syndrome,Curated project-level marker taxa from GMrepo,mNGS,curated,Ruthenibacterium lactatiformans,species,1550024,Irritable Bowel Syndrome,D043183,Health,D006262,Irritable Bowel Syndrome,D043183,Health,Irritable Bowel Syndrome,LEfSe,LDA,3.22156274286547,https://gmrepo.humangut.info/data/project/PRJEB37924/D006262/D043183,GMrepo
PRJEB37924,GMrepo curated Health vs. Irritable Bowel Syndrome,Curated project-level marker taxa from GMrepo,mNGS,curated,Blautia glucerasea,species,536633,Irritable Bowel Syndrome,D043183,Health,D006262,Irritable Bowel Syndrome,D043183,Health,Irritable Bowel Syndrome,LEfSe,LDA,3.24194142315468,https://gmrepo.humangut.info/data/project/PRJEB37924/D006262/D043183,GMrepo
PRJNA682378,GMrepo curated Health vs. Irritable Bowel Syndrome,Curated project-level marker taxa from GMrepo,16S,curated,Acidaminococcus,genus,904,Irritable Bowel Syndrome,D043183,Health,D006262,Irritable Bowel Syndrome,D043183,Health,Irritable Bowel Syndrome,LEfSe,LDA,3.25020726758745,https://gmrepo.humangut.info/data/project/PRJNA682378/D006262/D043183,GMrepo
PRJEB37924,GMrepo curated Health vs. Irritable Bowel Syndrome,Curated project-level marker taxa from GMrepo,mNGS,curated,Collinsella stercoris,species,147206,Irritable Bowel Syndrome,D043183,Health,D006262,Irritable Bowel Syndrome,D043183,Health,Irritable Bowel Syndrome,LEfSe,LDA,3.25475129333439,https://gmrepo.humangut.info/data/project/PRJEB37924/D006262/D043183,GMrepo
PRJNA682378,GMrepo curated Health vs. Irritable Bowel Syndrome,Curated project-level marker taxa from GMrepo,16S,curated,Romboutsia,genus,1501226,Irritable Bowel Syndrome,D043183,Health,D006262,Irritable Bowel Syndrome,D043183,Health,Irritable Bowel Syndrome,LEfSe,LDA,3.30517471625845,https://gmrepo.humangut.info/data/project/PRJNA682378/D006262/D043183,GMrepo
PRJEB37924,GMrepo curated Health vs. Irritable Bowel Syndrome,Curated project-level marker taxa from GMrepo,mNGS,curated,Longicatena caecimuris,species,1796635,Irritable Bowel Syndrome,D043183,Health,D006262,Irritable Bowel Syndrome,D043183,Health,Irritable Bowel Syndrome,LEfSe,LDA,3.3207473715599,https://gmrepo.humangut.info/data/project/PRJEB37924/D006262/D043183,GMrepo
PRJEB37924,GMrepo curated Health vs. Irritable Bowel Syndrome,Curated project-level marker taxa from GMrepo,mNGS,curated,Escherichia coli,species,562,Irritable Bowel Syndrome,D043183,Health,D006262,Irritable Bowel Syndrome,D043183,Health,Irritable Bowel Syndrome,LEfSe,LDA,3.32239827182604,https://gmrepo.humangut.info/data/project/PRJEB37924/D006262/D043183,GMrepo
PRJEB37924,GMrepo curated Health vs. Irritable Bowel Syndrome,Curated project-level marker taxa from GMrepo,mNGS,curated,Monoglobus pectinilyticus,species,1981510,Irritable Bowel Syndrome,D043183,Health,D006262,Irritable Bowel Syndrome,D043183,Health,Irritable Bowel Syndrome,LEfSe,LDA,3.33353302903525,https://gmrepo.humangut.info/data/project/PRJEB37924/D006262/D043183,GMrepo
PRJEB37924,GMrepo curated Health vs. Irritable Bowel Syndrome,Curated project-level marker taxa from GMrepo,mNGS,curated,Ruthenibacterium,genus,1905344,Irritable Bowel Syndrome,D043183,Health,D006262,Irritable Bowel Syndrome,D043183,Health,Irritable Bowel Syndrome,LEfSe,LDA,3.3588329361684,https://gmrepo.humangut.info/data/project/PRJEB37924/D006262/D043183,GMrepo
PRJEB37924,GMrepo curated Health vs. Irritable Bowel Syndrome,Curated project-level marker taxa from GMrepo,mNGS,curated,Escherichia,genus,561,Irritable Bowel Syndrome,D043183,Health,D006262,Irritable Bowel Syndrome,D043183,Health,Irritable Bowel Syndrome,LEfSe,LDA,3.36076575997589,https://gmrepo.humangut.info/data/project/PRJEB37924/D006262/D043183,GMrepo
PRJEB37924,GMrepo curated Health vs. Irritable Bowel Syndrome,Curated project-level marker taxa from GMrepo,mNGS,curated,Evtepia gabavorous,species,2211183,Irritable Bowel Syndrome,D043183,Health,D006262,Irritable Bowel Syndrome,D043183,Health,Irritable Bowel Syndrome,LEfSe,LDA,3.37691948358722,https://gmrepo.humangut.info/data/project/PRJEB37924/D006262/D043183,GMrepo
PRJEB37924,GMrepo curated Health vs. Irritable Bowel Syndrome,Curated project-level marker taxa from GMrepo,mNGS,curated,Monoglobus,genus,2039302,Irritable Bowel Syndrome,D043183,Health,D006262,Irritable Bowel Syndrome,D043183,Health,Irritable Bowel Syndrome,LEfSe,LDA,3.38263724688179,https://gmrepo.humangut.info/data/project/PRJEB37924/D006262/D043183,GMrepo
PRJEB37924,GMrepo curated Health vs. Irritable Bowel Syndrome,Curated project-level marker taxa from GMrepo,mNGS,curated,Bacteroides fragilis,species,817,Irritable Bowel Syndrome,D043183,Health,D006262,Irritable Bowel Syndrome,D043183,Health,Irritable Bowel Syndrome,LEfSe,LDA,3.38466754647784,https://gmrepo.humangut.info/data/project/PRJEB37924/D006262/D043183,GMrepo
PRJEB37924,GMrepo curated Health vs. Irritable Bowel Syndrome,Curated project-level marker taxa from GMrepo,mNGS,curated,Evtepia,genus,2211178,Irritable Bowel Syndrome,D043183,Health,D006262,Irritable Bowel Syndrome,D043183,Health,Irritable Bowel Syndrome,LEfSe,LDA,3.39480648743164,https://gmrepo.humangut.info/data/project/PRJEB37924/D006262/D043183,GMrepo
PRJEB37924,GMrepo curated Health vs. Irritable Bowel Syndrome,Curated project-level marker taxa from GMrepo,mNGS,curated,Anaerobutyricum soehngenii,species,105843,Irritable Bowel Syndrome,D043183,Health,D006262,Irritable Bowel Syndrome,D043183,Health,Irritable Bowel Syndrome,LEfSe,LDA,3.39843524701249,https://gmrepo.humangut.info/data/project/PRJEB37924/D006262/D043183,GMrepo
PRJEB37924,GMrepo curated Health vs. Irritable Bowel Syndrome,Curated project-level marker taxa from GMrepo,mNGS,curated,Blautia caecimuris,species,1796615,Irritable Bowel Syndrome,D043183,Health,D006262,Irritable Bowel Syndrome,D043183,Health,Irritable Bowel Syndrome,LEfSe,LDA,3.41845934215456,https://gmrepo.humangut.info/data/project/PRJEB37924/D006262/D043183,GMrepo
PRJEB37924,GMrepo curated Health vs. Irritable Bowel Syndrome,Curated project-level marker taxa from GMrepo,mNGS,curated,[Clostridium] nexile,species,29361,Irritable Bowel Syndrome,D043183,Health,D006262,Irritable Bowel Syndrome,D043183,Health,Irritable Bowel Syndrome,LEfSe,LDA,3.458175730786,https://gmrepo.humangut.info/data/project/PRJEB37924/D006262/D043183,GMrepo
PRJEB37924,GMrepo curated Health vs. Irritable Bowel Syndrome,Curated project-level marker taxa from GMrepo,mNGS,curated,Longicatena,genus,1918536,Irritable Bowel Syndrome,D043183,Health,D006262,Irritable Bowel Syndrome,D043183,Health,Irritable Bowel Syndrome,LEfSe,LDA,3.46053007448647,https://gmrepo.humangut.info/data/project/PRJEB37924/D006262/D043183,GMrepo
PRJEB37924,GMrepo curated Health vs. Irritable Bowel Syndrome,Curated project-level marker taxa from GMrepo,mNGS,curated,Vescimonas coprocola,species,2714355,Irritable Bowel Syndrome,D043183,Health,D006262,Irritable Bowel Syndrome,D043183,Health,Irritable Bowel Syndrome,LEfSe,LDA,3.47061983717075,https://gmrepo.humangut.info/data/project/PRJEB37924/D006262/D043183,GMrepo
PRJEB37924,GMrepo curated Health vs. Irritable Bowel Syndrome,Curated project-level marker taxa from GMrepo,mNGS,curated,Vescimonas,genus,2892396,Irritable Bowel Syndrome,D043183,Health,D006262,Irritable Bowel Syndrome,D043183,Health,Irritable Bowel Syndrome,LEfSe,LDA,3.50325535549345,https://gmrepo.humangut.info/data/project/PRJEB37924/D006262/D043183,GMrepo
PRJEB37924,GMrepo curated Health vs. Irritable Bowel Syndrome,Curated project-level marker taxa from GMrepo,mNGS,curated,Bacteroides eggerthii,species,28111,Irritable Bowel Syndrome,D043183,Health,D006262,Irritable Bowel Syndrome,D043183,Health,Irritable Bowel Syndrome,LEfSe,LDA,3.52220647620232,https://gmrepo.humangut.info/data/project/PRJEB37924/D006262/D043183,GMrepo
PRJNA682378,GMrepo curated Health vs. Irritable Bowel Syndrome,Curated project-level marker taxa from GMrepo,16S,curated,Methanobrevibacter,genus,2172,Irritable Bowel Syndrome,D043183,Health,D006262,Irritable Bowel Syndrome,D043183,Health,Irritable Bowel Syndrome,LEfSe,LDA,3.52350700589369,https://gmrepo.humangut.info/data/project/PRJNA682378/D006262/D043183,GMrepo
PRJEB37924,GMrepo curated Health vs. Irritable Bowel Syndrome,Curated project-level marker taxa from GMrepo,mNGS,curated,Tyzzerella,genus,1506577,Irritable Bowel Syndrome,D043183,Health,D006262,Irritable Bowel Syndrome,D043183,Health,Irritable Bowel Syndrome,LEfSe,LDA,3.55510347776749,https://gmrepo.humangut.info/data/project/PRJEB37924/D006262/D043183,GMrepo
PRJNA682378,GMrepo curated Health vs. Irritable Bowel Syndrome,Curated project-level marker taxa from GMrepo,16S,curated,Desulfovibrio,genus,872,Irritable Bowel Syndrome,D043183,Health,D006262,Irritable Bowel Syndrome,D043183,Health,Irritable Bowel Syndrome,LEfSe,LDA,3.62222530599465,https://gmrepo.humangut.info/data/project/PRJNA682378/D006262/D043183,GMrepo
PRJEB37924,GMrepo curated Health vs. Irritable Bowel Syndrome,Curated project-level marker taxa from GMrepo,mNGS,curated,Streptococcus salivarius,species,1304,Irritable Bowel Syndrome,D043183,Health,D006262,Irritable Bowel Syndrome,D043183,Health,Irritable Bowel Syndrome,LEfSe,LDA,3.65255358478665,https://gmrepo.humangut.info/data/project/PRJEB37924/D006262/D043183,GMrepo
PRJEB37924,GMrepo curated Health vs. Irritable Bowel Syndrome,Curated project-level marker taxa from GMrepo,mNGS,curated,Anaerobutyricum,genus,2569097,Irritable Bowel Syndrome,D043183,Health,D006262,Irritable Bowel Syndrome,D043183,Health,Irritable Bowel Syndrome,LEfSe,LDA,3.65860724223993,https://gmrepo.humangut.info/data/project/PRJEB37924/D006262/D043183,GMrepo
PRJEB37924,GMrepo curated Health vs. Irritable Bowel Syndrome,Curated project-level marker taxa from GMrepo,mNGS,curated,Blautia faecis,species,871665,Irritable Bowel Syndrome,D043183,Health,D006262,Irritable Bowel Syndrome,D043183,Health,Irritable Bowel Syndrome,LEfSe,LDA,3.65986976182298,https://gmrepo.humangut.info/data/project/PRJEB37924/D006262/D043183,GMrepo
PRJEB37924,GMrepo curated Health vs. Irritable Bowel Syndrome,Curated project-level marker taxa from GMrepo,mNGS,curated,Phocaeicola dorei,species,357276,Irritable Bowel Syndrome,D043183,Health,D006262,Irritable Bowel Syndrome,D043183,Health,Irritable Bowel Syndrome,LEfSe,LDA,3.73260815039,https://gmrepo.humangut.info/data/project/PRJEB37924/D006262/D043183,GMrepo
PRJEB37924,GMrepo curated Health vs. Irritable Bowel Syndrome,Curated project-level marker taxa from GMrepo,mNGS,curated,Collinsella,genus,102106,Irritable Bowel Syndrome,D043183,Health,D006262,Irritable Bowel Syndrome,D043183,Health,Irritable Bowel Syndrome,LEfSe,LDA,3.78660415286717,https://gmrepo.humangut.info/data/project/PRJEB37924/D006262/D043183,GMrepo
PRJNA682378,GMrepo curated Health vs. Irritable Bowel Syndrome,Curated project-level marker taxa from GMrepo,16S,curated,Holdemanella,genus,1573535,Irritable Bowel Syndrome,D043183,Health,D006262,Irritable Bowel Syndrome,D043183,Health,Irritable Bowel Syndrome,LEfSe,LDA,3.83341848172039,https://gmrepo.humangut.info/data/project/PRJNA682378/D006262/D043183,GMrepo
PRJEB37924,GMrepo curated Health vs. Irritable Bowel Syndrome,Curated project-level marker taxa from GMrepo,mNGS,curated,[Ruminococcus] torques,species,33039,Irritable Bowel Syndrome,D043183,Health,D006262,Irritable Bowel Syndrome,D043183,Health,Irritable Bowel Syndrome,LEfSe,LDA,3.9043055441147,https://gmrepo.humangut.info/data/project/PRJEB37924/D006262/D043183,GMrepo
PRJEB37924,GMrepo curated Health vs. Irritable Bowel Syndrome,Curated project-level marker taxa from GMrepo,mNGS,curated,Streptococcus,genus,1301,Irritable Bowel Syndrome,D043183,Health,D006262,Irritable Bowel Syndrome,D043183,Health,Irritable Bowel Syndrome,LEfSe,LDA,3.93903435924553,https://gmrepo.humangut.info/data/project/PRJEB37924/D006262/D043183,GMrepo
PRJEB37924,GMrepo curated Health vs. Irritable Bowel Syndrome,Curated project-level marker taxa from GMrepo,mNGS,curated,Mediterraneibacter,genus,2316020,Irritable Bowel Syndrome,D043183,Health,D006262,Irritable Bowel Syndrome,D043183,Health,Irritable Bowel Syndrome,LEfSe,LDA,3.99329006935674,https://gmrepo.humangut.info/data/project/PRJEB37924/D006262/D043183,GMrepo
PRJEB37924,GMrepo curated Health vs. Irritable Bowel Syndrome,Curated project-level marker taxa from GMrepo,mNGS,curated,Bacteroides,genus,816,Irritable Bowel Syndrome,D043183,Health,D006262,Irritable Bowel Syndrome,D043183,Health,Irritable Bowel Syndrome,LEfSe,LDA,4.0732461732679,https://gmrepo.humangut.info/data/project/PRJEB37924/D006262/D043183,GMrepo
PRJNA682378,GMrepo curated Health vs. Irritable Bowel Syndrome,Curated project-level marker taxa from GMrepo,16S,curated,Ruminococcus,genus,1263,Irritable Bowel Syndrome,D043183,Health,D006262,Irritable Bowel Syndrome,D043183,Health,Irritable Bowel Syndrome,LEfSe,LDA,4.13880642058303,https://gmrepo.humangut.info/data/project/PRJNA682378/D006262/D043183,GMrepo
PRJNA682378,GMrepo curated Health vs. Irritable Bowel Syndrome,Curated project-level marker taxa from GMrepo,16S,curated,Catenibacterium,genus,135858,Irritable Bowel Syndrome,D043183,Health,D006262,Irritable Bowel Syndrome,D043183,Health,Irritable Bowel Syndrome,LEfSe,LDA,4.17284162527404,https://gmrepo.humangut.info/data/project/PRJNA682378/D006262/D043183,GMrepo
PRJNA637763,GMrepo curated Health vs. Irritable Bowel Syndrome,Curated project-level marker taxa from GMrepo,16S,curated,Bacteroides,genus,816,Irritable Bowel Syndrome,D043183,Health,D006262,Irritable Bowel Syndrome,D043183,Health,Irritable Bowel Syndrome,LEfSe,LDA,4.65978377888348,https://gmrepo.humangut.info/data/project/PRJNA637763/D006262/D043183,GMrepo
